Workbook

Sheet MAIN
A1: =BASE!B1 -> HORA | B1: =BASE!C1 -> BENEFICIARIO | C1: =BASE!D1 -> TELEFONE | D1: HORÁRIO AJUSTADO | E1: DDD | F1: NUMERO_SEM_DDD | G1: PREFIXO | H1: SUFIXO | I1: TEL_AJUSTADO | J1: PRIMEIRO NOME | K1: TEXTO MENSAGEM | Q1: MÁXIMO DE PACIENTES POSSÍVEIS | R1: 400
A2: =IF(BASE!B2=0,"",BASE!B2) | B2: =IF(BASE!C2=0,"",BASE!C2) | C2: =IF(BASE!D2=0,"",TRIM(BASE!D2)) | D2: =IFERROR(VLOOKUP(A2,AUX!A:B,2,0),"") | E2: =RIGHT(LEFT(TRIM(C2),3),2) | F2: =TRIM(RIGHT(TRIM(C2),11)) | G2: =TRIM(LEFT(F2,5)) | H2: =RIGHT(TRIM(F2),5) | I2: =E2&G2&H2 | J2: =IFERROR(LEFT(B2,FIND(" ",B2)),"") | K2: =IF(A2="","","Prezado (a), "&J2&" Devido a um imprevisto no voo do médico, o horário do seu procedimento precisou ser alterado para "&TEXT(D2,"HH:MM")&". Pedimos, por gentileza, que chegue com 15 minutos de antecedência. Pedimos desculpas pelo transtorno, agradecemos a compreensão e permanecemos à disposição para qualquer dúvida. Atenciosamente, Centro de Oftalmologia Brasil") | Q2: =LEFT(G2,1)
A3: =IF(BASE!B3=0,"",BASE!B3) | B3: =IF(BASE!C3=0,"",BASE!C3) | C3: =IF(BASE!D3=0,"",TRIM(BASE!D3)) | D3: =IFERROR(VLOOKUP(A3,AUX!A:B,2,0),"") | E3: =RIGHT(LEFT(TRIM(C3),3),2) | F3: =TRIM(RIGHT(TRIM(C3),11)) | G3: =TRIM(LEFT(F3,5)) | H3: =RIGHT(TRIM(F3),5) | I3: =E3&G3&H3 | J3: =IFERROR(LEFT(B3,FIND(" ",B3)),"") | K3: =IF(A3="","","Prezado (a), "&J3&" Devido a um imprevisto no voo do médico, o horário do seu procedimento precisou ser alterado para "&TEXT(D3,"HH:MM")&". Pedimos, por gentileza, que chegue com 15 minutos de antecedência. Pedimos desculpas pelo transtorno, agradecemos a compreensão e permanecemos à disposição para qualquer dúvida. Atenciosamente, Centro de Oftalmologia Brasil") | Q3: =LEFT(G3,1)
A4: =IF(BASE!B4=0,"",BASE!B4) | B4: =IF(BASE!C4=0,"",BASE!C4) | C4: =IF(BASE!D4=0,"",TRIM(BASE!D4)) | D4: =IFERROR(VLOOKUP(A4,AUX!A:B,2,0),"") | E4: =RIGHT(LEFT(TRIM(C4),3),2) | F4: =TRIM(RIGHT(TRIM(C4),11)) | G4: =TRIM(LEFT(F4,5)) | H4: =RIGHT(TRIM(F4),5) | I4: =E4&G4&H4 | J4: =IFERROR(LEFT(B4,FIND(" ",B4)),"") | K4: =IF(A4="","","Prezado (a), "&J4&" Devido a um imprevisto no voo do médico, o horário do seu procedimento precisou ser alterado para "&TEXT(D4,"HH:MM")&". Pedimos, por gentileza, que chegue com 15 minutos de antecedência. Pedimos desculpas pelo transtorno, agradecemos a compreensão e permanecemos à disposição para qualquer dúvida. Atenciosamente, Centro de Oftalmologia Brasil") | Q4: =LEFT(G4,1)
A5: =IF(BASE!B5=0,"",BASE!B5) | B5: =IF(BASE!C5=0,"",BASE!C5) | C5: =IF(BASE!D5=0,"",TRIM(BASE!D5)) | D5: =IFERROR(VLOOKUP(A5,AUX!A:B,2,0),"") | E5: =RIGHT(LEFT(TRIM(C5),3),2) | F5: =TRIM(RIGHT(TRIM(C5),11)) | G5: =TRIM(LEFT(F5,5)) | H5: =RIGHT(TRIM(F5),5) | I5: =E5&G5&H5 | J5: =IFERROR(LEFT(B5,FIND(" ",B5)),"") | K5: =IF(A5="","","Prezado (a), "&J5&" Devido a um imprevisto no voo do médico, o horário do seu procedimento precisou ser alterado para "&TEXT(D5,"HH:MM")&". Pedimos, por gentileza, que chegue com 15 minutos de antecedência. Pedimos desculpas pelo transtorno, agradecemos a compreensão e permanecemos à disposição para qualquer dúvida. Atenciosamente, Centro de Oftalmologia Brasil") | Q5: =LEFT(G5,1)
A6: =IF(BASE!B6=0,"",BASE!B6) | B6: =IF(BASE!C6=0,"",BASE!C6) | C6: =IF(BASE!D6=0,"",TRIM(BASE!D6)) | D6: =IFERROR(VLOOKUP(A6,AUX!A:B,2,0),"") | E6: =RIGHT(LEFT(TRIM(C6),3),2) | F6: =TRIM(RIGHT(TRIM(C6),11)) | G6: =TRIM(LEFT(F6,5)) | H6: =RIGHT(TRIM(F6),5) | I6: =E6&G6&H6 | J6: =IFERROR(LEFT(B6,FIND(" ",B6)),"") | K6: =IF(A6="","","Prezado (a), "&J6&" Devido a um imprevisto no voo do médico, o horário do seu procedimento precisou ser alterado para "&TEXT(D6,"HH:MM")&". Pedimos, por gentileza, que chegue com 15 minutos de antecedência. Pedimos desculpas pelo transtorno, agradecemos a compreensão e permanecemos à disposição para qualquer dúvida. Atenciosamente, Centro de Oftalmologia Brasil") | Q6: =LEFT(G6,1)
A7: =IF(BASE!B7=0,"",BASE!B7) | B7: =IF(BASE!C7=0,"",BASE!C7) | C7: =IF(BASE!D7=0,"",TRIM(BASE!D7)) | D7: =IFERROR(VLOOKUP(A7,AUX!A:B,2,0),"") | E7: =RIGHT(LEFT(TRIM(C7),3),2) | F7: =TRIM(RIGHT(TRIM(C7),11)) | G7: =TRIM(LEFT(F7,5)) | H7: =RIGHT(TRIM(F7),5) | I7: =E7&G7&H7 | J7: =IFERROR(LEFT(B7,FIND(" ",B7)),"") | K7: =IF(A7="","","Prezado (a), "&J7&" Devido a um imprevisto no voo do médico, o horário do seu procedimento precisou ser alterado para "&TEXT(D7,"HH:MM")&". Pedimos, por gentileza, que chegue com 15 minutos de antecedência. Pedimos desculpas pelo transtorno, agradecemos a compreensão e permanecemos à disposição para qualquer dúvida. Atenciosamente, Centro de Oftalmologia Brasil") | Q7: =LEFT(G7,1)
A8: =IF(BASE!B8=0,"",BASE!B8) | B8: =IF(BASE!C8=0,"",BASE!C8) | C8: =IF(BASE!D8=0,"",TRIM(BASE!D8)) | D8: =IFERROR(VLOOKUP(A8,AUX!A:B,2,0),"") | E8: =RIGHT(LEFT(TRIM(C8),3),2) | F8: =TRIM(RIGHT(TRIM(C8),11)) | G8: =TRIM(LEFT(F8,5)) | H8: =RIGHT(TRIM(F8),5) | I8: =E8&G8&H8 | J8: =IFERROR(LEFT(B8,FIND(" ",B8)),"") | K8: =IF(A8="","","Prezado (a), "&J8&" Devido a um imprevisto no voo do médico, o horário do seu procedimento precisou ser alterado para "&TEXT(D8,"HH:MM")&". Pedimos, por gentileza, que chegue com 15 minutos de antecedência. Pedimos desculpas pelo transtorno, agradecemos a compreensão e permanecemos à disposição para qualquer dúvida. Atenciosamente, Centro de Oftalmologia Brasil") | Q8: =LEFT(G8,1)
A9: =IF(BASE!B9=0,"",BASE!B9) | B9: =IF(BASE!C9=0,"",BASE!C9) | C9: =IF(BASE!D9=0,"",TRIM(BASE!D9)) | D9: =IFERROR(VLOOKUP(A9,AUX!A:B,2,0),"") | E9: =RIGHT(LEFT(TRIM(C9),3),2) | F9: =TRIM(RIGHT(TRIM(C9),11)) | G9: =TRIM(LEFT(F9,5)) | H9: =RIGHT(TRIM(F9),5) | I9: =E9&G9&H9 | J9: =IFERROR(LEFT(B9,FIND(" ",B9)),"") | K9: =IF(A9="","","Prezado (a), "&J9&" Devido a um imprevisto no voo do médico, o horário do seu procedimento precisou ser alterado para "&TEXT(D9,"HH:MM")&". Pedimos, por gentileza, que chegue com 15 minutos de antecedência. Pedimos desculpas pelo transtorno, agradecemos a compreensão e permanecemos à disposição para qualquer dúvida. Atenciosamente, Centro de Oftalmologia Brasil") | Q9: =LEFT(G9,1)
A10: =IF(BASE!B10=0,"",BASE!B10) | B10: =IF(BASE!C10=0,"",BASE!C10) | C10: =IF(BASE!D10=0,"",TRIM(BASE!D10)) | D10: =IFERROR(VLOOKUP(A10,AUX!A:B,2,0),"") | E10: =RIGHT(LEFT(TRIM(C10),3),2) | F10: =TRIM(RIGHT(TRIM(C10),11)) | G10: =TRIM(LEFT(F10,5)) | H10: =RIGHT(TRIM(F10),5) | I10: =E10&G10&H10 | J10: =IFERROR(LEFT(B10,FIND(" ",B10)),"") | K10: =IF(A10="","","Prezado (a), "&J10&" Devido a um imprevisto no voo do médico, o horário do seu procedimento precisou ser alterado para "&TEXT(D10,"HH:MM")&". Pedimos, por gentileza, que chegue com 15 minutos de antecedência. Pedimos desculpas pelo transtorno, agradecemos a compreensão e permanecemos à disposição para qualquer dúvida. Atenciosamente, Centro de Oftalmologia Brasil") | Q10: =LEFT(G10,1)
A11: =IF(BASE!B11=0,"",BASE!B11) | B11: =IF(BASE!C11=0,"",BASE!C11) | C11: =IF(BASE!D11=0,"",TRIM(BASE!D11)) | D11: =IFERROR(VLOOKUP(A11,AUX!A:B,2,0),"") | E11: =RIGHT(LEFT(TRIM(C11),3),2) | F11: =TRIM(RIGHT(TRIM(C11),11)) | G11: =TRIM(LEFT(F11,5)) | H11: =RIGHT(TRIM(F11),5) | I11: =E11&G11&H11 | J11: =IFERROR(LEFT(B11,FIND(" ",B11)),"") | K11: =IF(A11="","","Prezado (a), "&J11&" Devido a um imprevisto no voo do médico, o horário do seu procedimento precisou ser alterado para "&TEXT(D11,"HH:MM")&". Pedimos, por gentileza, que chegue com 15 minutos de antecedência. Pedimos desculpas pelo transtorno, agradecemos a compreensão e permanecemos à disposição para qualquer dúvida. Atenciosamente, Centro de Oftalmologia Brasil") | Q11: =LEFT(G11,1)
A12: =IF(BASE!B12=0,"",BASE!B12) | B12: =IF(BASE!C12=0,"",BASE!C12) | C12: =IF(BASE!D12=0,"",TRIM(BASE!D12)) | D12: =IFERROR(VLOOKUP(A12,AUX!A:B,2,0),"") | E12: =RIGHT(LEFT(TRIM(C12),3),2) | F12: =TRIM(RIGHT(TRIM(C12),11)) | G12: =TRIM(LEFT(F12,5)) | H12: =RIGHT(TRIM(F12),5) | I12: =E12&G12&H12 | J12: =IFERROR(LEFT(B12,FIND(" ",B12)),"") | K12: =IF(A12="","","Prezado (a), "&J12&" Devido a um imprevisto no voo do médico, o horário do seu procedimento precisou ser alterado para "&TEXT(D12,"HH:MM")&". Pedimos, por gentileza, que chegue com 15 minutos de antecedência. Pedimos desculpas pelo transtorno, agradecemos a compreensão e permanecemos à disposição para qualquer dúvida. Atenciosamente, Centro de Oftalmologia Brasil") | Q12: =LEFT(G12,1)
A13: =IF(BASE!B13=0,"",BASE!B13) | B13: =IF(BASE!C13=0,"",BASE!C13) | C13: =IF(BASE!D13=0,"",TRIM(BASE!D13)) | D13: =IFERROR(VLOOKUP(A13,AUX!A:B,2,0),"") | E13: =RIGHT(LEFT(TRIM(C13),3),2) | F13: =TRIM(RIGHT(TRIM(C13),11)) | G13: =TRIM(LEFT(F13,5)) | H13: =RIGHT(TRIM(F13),5) | I13: =E13&G13&H13 | J13: =IFERROR(LEFT(B13,FIND(" ",B13)),"") | K13: =IF(A13="","","Prezado (a), "&J13&" Devido a um imprevisto no voo do médico, o horário do seu procedimento precisou ser alterado para "&TEXT(D13,"HH:MM")&". Pedimos, por gentileza, que chegue com 15 minutos de antecedência. Pedimos desculpas pelo transtorno, agradecemos a compreensão e permanecemos à disposição para qualquer dúvida. Atenciosamente, Centro de Oftalmologia Brasil") | Q13: =LEFT(G13,1)
... A27: =IF(BASE!B27=0,"",BASE!B27) | B27: =IF(BASE!C27=0,"",BASE!C27) | C27: =IF(BASE!D27=0,"",TRIM(BASE!D27)) | D27: =IFERROR(VLOOKUP(A27,AUX!A:B,2,0),"") | E27: =RIGHT(LEFT(TRIM(C27),3),2) | F27: =TRIM(RIGHT(TRIM(C27),11)) | G27: =TRIM(LEFT(F27,5)) | H27: =RIGHT(TRIM(F27),5) | I27: =E27&G27&H27 | J27: =IFERROR(LEFT(B27,FIND(" ",B27)),"") | K27: =IF(A27="","","Prezado (a), "&J27&" Devido a um imprevisto no voo do médico, o horário do seu procedimento precisou ser alterado para "&TEXT(D27,"HH:MM")&". Pedimos, por gentileza, que chegue com 15 minutos de antecedência. Pedimos desculpas pelo transtorno, agradecemos a compreensão e permanecemos à disposição para qualquer dúvida. Atenciosamente, Centro de Oftalmologia Brasil") | Q27: =LEFT(G27,1)
A28: =IF(BASE!B28=0,"",BASE!B28) | B28: =IF(BASE!C28=0,"",BASE!C28) | C28: =IF(BASE!D28=0,"",TRIM(BASE!D28)) | D28: =IFERROR(VLOOKUP(A28,AUX!A:B,2,0),"") | E28: =RIGHT(LEFT(TRIM(C28),3),2) | F28: =TRIM(RIGHT(TRIM(C28),11)) | G28: =TRIM(LEFT(F28,5)) | H28: =RIGHT(TRIM(F28),5) | I28: =E28&G28&H28 | J28: =IFERROR(LEFT(B28,FIND(" ",B28)),"") | K28: =IF(A28="","","Prezado (a), "&J28&" Devido a um imprevisto no voo do médico, o horário do seu procedimento precisou ser alterado para "&TEXT(D28,"HH:MM")&". Pedimos, por gentileza, que chegue com 15 minutos de antecedência. Pedimos desculpas pelo transtorno, agradecemos a compreensão e permanecemos à disposição para qualquer dúvida. Atenciosamente, Centro de Oftalmologia Brasil")
A29: =IF(BASE!B29=0,"",BASE!B29) | B29: =IF(BASE!C29=0,"",BASE!C29) | C29: =IF(BASE!D29=0,"",TRIM(BASE!D29)) | D29: =IFERROR(VLOOKUP(A29,AUX!A:B,2,0),"") | E29: =RIGHT(LEFT(TRIM(C29),3),2) | F29: =TRIM(RIGHT(TRIM(C29),11)) | G29: =TRIM(LEFT(F29,5)) | H29: =RIGHT(TRIM(F29),5) | I29: =E29&G29&H29 | J29: =IFERROR(LEFT(B29,FIND(" ",B29)),"") | K29: =IF(A29="","","Prezado (a), "&J29&" Devido a um imprevisto no voo do médico, o horário do seu procedimento precisou ser alterado para "&TEXT(D29,"HH:MM")&". Pedimos, por gentileza, que chegue com 15 minutos de antecedência. Pedimos desculpas pelo transtorno, agradecemos a compreensão e permanecemos à disposição para qualquer dúvida. Atenciosamente, Centro de Oftalmologia Brasil")
A30: =IF(BASE!B30=0,"",BASE!B30) | B30: =IF(BASE!C30=0,"",BASE!C30) | C30: =IF(BASE!D30=0,"",TRIM(BASE!D30)) | D30: =IFERROR(VLOOKUP(A30,AUX!A:B,2,0),"") | E30: =RIGHT(LEFT(TRIM(C30),3),2) | F30: =TRIM(RIGHT(TRIM(C30),11)) | G30: =TRIM(LEFT(F30,5)) | H30: =RIGHT(TRIM(F30),5) | I30: =E30&G30&H30 | J30: =IFERROR(LEFT(B30,FIND(" ",B30)),"") | K30: =IF(A30="","","Prezado (a), "&J30&" Devido a um imprevisto no voo do médico, o horário do seu procedimento precisou ser alterado para "&TEXT(D30,"HH:MM")&". Pedimos, por gentileza, que chegue com 15 minutos de antecedência. Pedimos desculpas pelo transtorno, agradecemos a compreensão e permanecemos à disposição para qualquer dúvida. Atenciosamente, Centro de Oftalmologia Brasil")
A31: =IF(BASE!B31=0,"",BASE!B31) | B31: =IF(BASE!C31=0,"",BASE!C31) | C31: =IF(BASE!D31=0,"",TRIM(BASE!D31)) | D31: =IFERROR(VLOOKUP(A31,AUX!A:B,2,0),"") | E31: =RIGHT(LEFT(TRIM(C31),3),2) | F31: =TRIM(RIGHT(TRIM(C31),11)) | G31: =TRIM(LEFT(F31,5)) | H31: =RIGHT(TRIM(F31),5) | I31: =E31&G31&H31 | J31: =IFERROR(LEFT(B31,FIND(" ",B31)),"") | K31: =IF(A31="","","Prezado (a), "&J31&" Devido a um imprevisto no voo do médico, o horário do seu procedimento precisou ser alterado para "&TEXT(D31,"HH:MM")&". Pedimos, por gentileza, que chegue com 15 minutos de antecedência. Pedimos desculpas pelo transtorno, agradecemos a compreensão e permanecemos à disposição para qualquer dúvida. Atenciosamente, Centro de Oftalmologia Brasil")
A32: =IF(BASE!B32=0,"",BASE!B32) | B32: =IF(BASE!C32=0,"",BASE!C32) | C32: =IF(BASE!D32=0,"",TRIM(BASE!D32)) | D32: =IFERROR(VLOOKUP(A32,AUX!A:B,2,0),"") | E32: =RIGHT(LEFT(TRIM(C32),3),2) | F32: =TRIM(RIGHT(TRIM(C32),11)) | G32: =TRIM(LEFT(F32,5)) | H32: =RIGHT(TRIM(F32),5) | I32: =E32&G32&H32 | J32: =IFERROR(LEFT(B32,FIND(" ",B32)),"") | K32: =IF(A32="","","Prezado (a), "&J32&" Devido a um imprevisto no voo do médico, o horário do seu procedimento precisou ser alterado para "&TEXT(D32,"HH:MM")&". Pedimos, por gentileza, que chegue com 15 minutos de antecedência. Pedimos desculpas pelo transtorno, agradecemos a compreensão e permanecemos à disposição para qualquer dúvida. Atenciosamente, Centro de Oftalmologia Brasil")
A33: =IF(BASE!B33=0,"",BASE!B33) | B33: =IF(BASE!C33=0,"",BASE!C33) | C33: =IF(BASE!D33=0,"",TRIM(BASE!D33)) | D33: =IFERROR(VLOOKUP(A33,AUX!A:B,2,0),"") | E33: =RIGHT(LEFT(TRIM(C33),3),2) | F33: =TRIM(RIGHT(TRIM(C33),11)) | G33: =TRIM(LEFT(F33,5)) | H33: =RIGHT(TRIM(F33),5) | I33: =E33&G33&H33 | J33: =IFERROR(LEFT(B33,FIND(" ",B33)),"") | K33: =IF(A33="","","Prezado (a), "&J33&" Devido a um imprevisto no voo do médico, o horário do seu procedimento precisou ser alterado para "&TEXT(D33,"HH:MM")&". Pedimos, por gentileza, que chegue com 15 minutos de antecedência. Pedimos desculpas pelo transtorno, agradecemos a compreensão e permanecemos à disposição para qualquer dúvida. Atenciosamente, Centro de Oftalmologia Brasil")
A34: =IF(BASE!B34=0,"",BASE!B34) | B34: =IF(BASE!C34=0,"",BASE!C34) | C34: =IF(BASE!D34=0,"",TRIM(BASE!D34)) | D34: =IFERROR(VLOOKUP(A34,AUX!A:B,2,0),"") | E34: =RIGHT(LEFT(TRIM(C34),3),2) | F34: =TRIM(RIGHT(TRIM(C34),11)) | G34: =TRIM(LEFT(F34,5)) | H34: =RIGHT(TRIM(F34),5) | I34: =E34&G34&H34 | J34: =IFERROR(LEFT(B34,FIND(" ",B34)),"") | K34: =IF(A34="","","Prezado (a), "&J34&" Devido a um imprevisto no voo do médico, o horário do seu procedimento precisou ser alterado para "&TEXT(D34,"HH:MM")&". Pedimos, por gentileza, que chegue com 15 minutos de antecedência. Pedimos desculpas pelo transtorno, agradecemos a compreensão e permanecemos à disposição para qualquer dúvida. Atenciosamente, Centro de Oftalmologia Brasil")
A35: =IF(BASE!B35=0,"",BASE!B35) | B35: =IF(BASE!C35=0,"",BASE!C35) | C35: =IF(BASE!D35=0,"",TRIM(BASE!D35)) | D35: =IFERROR(VLOOKUP(A35,AUX!A:B,2,0),"") | E35: =RIGHT(LEFT(TRIM(C35),3),2) | F35: =TRIM(RIGHT(TRIM(C35),11)) | G35: =TRIM(LEFT(F35,5)) | H35: =RIGHT(TRIM(F35),5) | I35: =E35&G35&H35 | J35: =IFERROR(LEFT(B35,FIND(" ",B35)),"") | K35: =IF(A35="","","Prezado (a), "&J35&" Devido a um imprevisto no voo do médico, o horário do seu procedimento precisou ser alterado para "&TEXT(D35,"HH:MM")&". Pedimos, por gentileza, que chegue com 15 minutos de antecedência. Pedimos desculpas pelo transtorno, agradecemos a compreensão e permanecemos à disposição para qualquer dúvida. Atenciosamente, Centro de Oftalmologia Brasil")
A36: =IF(BASE!B36=0,"",BASE!B36) | B36: =IF(BASE!C36=0,"",BASE!C36) | C36: =IF(BASE!D36=0,"",TRIM(BASE!D36)) | D36: =IFERROR(VLOOKUP(A36,AUX!A:B,2,0),"") | E36: =RIGHT(LEFT(TRIM(C36),3),2) | F36: =TRIM(RIGHT(TRIM(C36),11)) | G36: =TRIM(LEFT(F36,5)) | H36: =RIGHT(TRIM(F36),5) | I36: =E36&G36&H36 | J36: =IFERROR(LEFT(B36,FIND(" ",B36)),"") | K36: =IF(A36="","","Prezado (a), "&J36&" Devido a um imprevisto no voo do médico, o horário do seu procedimento precisou ser alterado para "&TEXT(D36,"HH:MM")&". Pedimos, por gentileza, que chegue com 15 minutos de antecedência. Pedimos desculpas pelo transtorno, agradecemos a compreensão e permanecemos à disposição para qualquer dúvida. Atenciosamente, Centro de Oftalmologia Brasil")
A37: =IF(BASE!B37=0,"",BASE!B37) | B37: =IF(BASE!C37=0,"",BASE!C37) | C37: =IF(BASE!D37=0,"",TRIM(BASE!D37)) | D37: =IFERROR(VLOOKUP(A37,AUX!A:B,2,0),"") | E37: =RIGHT(LEFT(TRIM(C37),3),2) | F37: =TRIM(RIGHT(TRIM(C37),11)) | G37: =TRIM(LEFT(F37,5)) | H37: =RIGHT(TRIM(F37),5) | I37: =E37&G37&H37 | J37: =IFERROR(LEFT(B37,FIND(" ",B37)),"") | K37: =IF(A37="","","Prezado (a), "&J37&" Devido a um imprevisto no voo do médico, o horário do seu procedimento precisou ser alterado para "&TEXT(D37,"HH:MM")&". Pedimos, por gentileza, que chegue com 15 minutos de antecedência. Pedimos desculpas pelo transtorno, agradecemos a compreensão e permanecemos à disposição para qualquer dúvida. Atenciosamente, Centro de Oftalmologia Brasil")
A38: =IF(BASE!B38=0,"",BASE!B38) | B38: =IF(BASE!C38=0,"",BASE!C38) | C38: =IF(BASE!D38=0,"",TRIM(BASE!D38)) | D38: =IFERROR(VLOOKUP(A38,AUX!A:B,2,0),"") | E38: =RIGHT(LEFT(TRIM(C38),3),2) | F38: =TRIM(RIGHT(TRIM(C38),11)) | G38: =TRIM(LEFT(F38,5)) | H38: =RIGHT(TRIM(F38),5) | I38: =E38&G38&H38 | J38: =IFERROR(LEFT(B38,FIND(" ",B38)),"") | K38: =IF(A38="","","Prezado (a), "&J38&" Devido a um imprevisto no voo do médico, o horário do seu procedimento precisou ser alterado para "&TEXT(D38,"HH:MM")&". Pedimos, por gentileza, que chegue com 15 minutos de antecedência. Pedimos desculpas pelo transtorno, agradecemos a compreensão e permanecemos à disposição para qualquer dúvida. Atenciosamente, Centro de Oftalmologia Brasil")
A39: =IF(BASE!B39=0,"",BASE!B39) | B39: =IF(BASE!C39=0,"",BASE!C39) | C39: =IF(BASE!D39=0,"",TRIM(BASE!D39)) | D39: =IFERROR(VLOOKUP(A39,AUX!A:B,2,0),"") | E39: =RIGHT(LEFT(TRIM(C39),3),2) | F39: =TRIM(RIGHT(TRIM(C39),11)) | G39: =TRIM(LEFT(F39,5)) | H39: =RIGHT(TRIM(F39),5) | I39: =E39&G39&H39 | J39: =IFERROR(LEFT(B39,FIND(" ",B39)),"") | K39: =IF(A39="","","Prezado (a), "&J39&" Devido a um imprevisto no voo do médico, o horário do seu procedimento precisou ser alterado para "&TEXT(D39,"HH:MM")&". Pedimos, por gentileza, que chegue com 15 minutos de antecedência. Pedimos desculpas pelo transtorno, agradecemos a compreensão e permanecemos à disposição para qualquer dúvida. Atenciosamente, Centro de Oftalmologia Brasil")
... A411: =IF(BASE!B411=0,"",BASE!B411) | B411: =IF(BASE!C411=0,"",BASE!C411) | C411: =IF(BASE!D411=0,"",TRIM(BASE!D411)) | D411: =IFERROR(VLOOKUP(A411,AUX!A:B,2,0),"") | E411: =RIGHT(LEFT(TRIM(C411),3),2) | F411: =TRIM(RIGHT(TRIM(C411),11)) | G411: =TRIM(LEFT(F411,5)) | H411: =RIGHT(TRIM(F411),5) | I411: =E411&G411&H411 | J411: =IFERROR(LEFT(B411,FIND(" ",B411)),"") | K411: =IF(A411="","","Prezado (a), "&J411&" Devido a um imprevisto no voo do médico, o horário do seu procedimento precisou ser alterado para "&TEXT(D411,"HH:MM")&". Pedimos, por gentileza, que chegue com 15 minutos de antecedência. Pedimos desculpas pelo transtorno, agradecemos a compreensão e permanecemos à disposição para qualquer dúvida. Atenciosamente, Centro de Oftalmologia Brasil")

Sheet BASE
A1: CONFIRMADO? | B1: HORA | C1: BENEFICIARIO | D1: TELEFONE | E1: OLHO | F1: LENTE | G1: DIOPTRIA | H1: OBSERVAÇÃO LENTE | I1: OBSERVAÇÃO CLINICA | J1: SENHA | K1: DATA DE NASCIMENTO | L1: CPF | M1: CARTEIRINHA | N1: CIDADE DO PACIENTE | O1: CONVÊNIO | P1: PROCEDIMENTO | Q1: MEDICO

Sheet AUX
A1: DE | B1: PARA
A2: 0.29166667 | B2: 0.375
A3: 0.33333333 | B3: 0.375
A4: 0.54166667 | B4: 0.66666667
A5: 0.58333333 | B5: 0.70833333
